method,method_label,condition,condition_label,scenario_scale,seeds,seed_count,rollout_count,sample_count,violation_count,violation_rate,descriptive_wilson_95_upper,maximum_seed_violation_rate,qp_attempt_count,qp_rejected_count,qp_rejection_rate,qp_fallback_count,qp_fallback_rate,qp_intervention_rate,online_time_mean_ms,online_time_sd_ms,maximum_normalized_qp_residual,minimum_unrounded_barrier,relative_degrees,initial_state_set
fixed_proposal,Unfiltered fixed upstream proposal,nominal,Nominal,0.0,"0,1,2,3,4",5,50,25000,0,0.0,0.00015363474556582426,0.0,0,0,0.0,0,0.0,0.0,0.0,0.0,0.0,3.442323562007644,"[2, 2, 2, 2, 2, 2]",intersection_of_h_ge_1_and_true_drift_psi1_ge_0
fixed_proposal,Unfiltered fixed upstream proposal,s1_heat,S1:Heat,0.3,"0,1,2,3,4",5,50,25000,16002,0.64008,0.6460078036919916,0.6552,0,0,0.0,0,0.0,0.0,0.0,0.0,0.0,-0.4586988400276761,"[2, 2, 2, 2, 2, 2]",intersection_of_h_ge_1_and_true_drift_psi1_ge_0
fixed_proposal,Unfiltered fixed upstream proposal,s2_pressure,S2:Pressure,0.24,"0,1,2,3,4",5,50,25000,6438,0.25752,0.26297729773880146,0.3102,0,0,0.0,0,0.0,0.0,0.0,0.0,0.0,-0.3018251177718364,"[2, 2, 2, 2, 2, 2]",intersection_of_h_ge_1_and_true_drift_psi1_ge_0
fixed_proposal,Unfiltered fixed upstream proposal,s3_coupled,S3:Coupled,0.35,"0,1,2,3,4",5,50,25000,9798,0.39192,0.3979875808512132,0.4318,0,0,0.0,0,0.0,0.0,0.0,0.0,0.0,-0.4525302143294054,"[2, 2, 2, 2, 2, 2]",intersection_of_h_ge_1_and_true_drift_psi1_ge_0
fixed_proposal,Unfiltered fixed upstream proposal,s4_nonlinear,S4:Nonlinear,0.4,"0,1,2,3,4",5,50,25000,15469,0.61876,0.6247619008832581,0.629,0,0,0.0,0,0.0,0.0,0.0,0.0,0.0,-0.7914182246592067,"[2, 2, 2, 2, 2, 2]",intersection_of_h_ge_1_and_true_drift_psi1_ge_0
fixed_proposal,Unfiltered fixed upstream proposal,s5_valve,S5:Valve,0.35,"0,1,2,3,4",5,50,25000,2912,0.11648,0.1205156535281939,0.1352,0,0,0.0,0,0.0,0.0,0.0,0.0,0.0,-0.18277706492684,"[2, 2, 2, 2, 2, 2]",intersection_of_h_ge_1_and_true_drift_psi1_ge_0
fixed_proposal,Unfiltered fixed upstream proposal,s6_fuel,S6:Fuel,0.5,"0,1,2,3,4",5,50,25000,14515,0.5806,0.586704051712866,0.598,0,0,0.0,0,0.0,0.0,0.0,0.0,0.0,-0.44321611693814733,"[2, 2, 2, 2, 2, 2]",intersection_of_h_ge_1_and_true_drift_psi1_ge_0
hocbf_no_gp,"HOCBF, no GP",nominal,Nominal,0.0,"0,1,2,3,4",5,50,25000,0,0.0,0.00015363474556582426,0.0,25000,0,0.0,0,0.0,0.0,2.7629374172352255,0.26851865969960337,0.0,3.4423236297015465,"[2, 2, 2, 2, 2, 2]",intersection_of_h_ge_1_and_true_drift_psi1_ge_0
hocbf_no_gp,"HOCBF, no GP",s1_heat,S1:Heat,0.3,"0,1,2,3,4",5,50,25000,16002,0.64008,0.6460078036919916,0.6552,25000,0,0.0,0,0.0,0.0,5.587540295533836,3.299204733100001,0.0,-0.4586987383928154,"[2, 2, 2, 2, 2, 2]",intersection_of_h_ge_1_and_true_drift_psi1_ge_0
hocbf_no_gp,"HOCBF, no GP",s2_pressure,S2:Pressure,0.24,"0,1,2,3,4",5,50,25000,6438,0.25752,0.26297729773880146,0.3102,25000,0,0.0,0,0.0,0.0,6.442991481944919,3.257927009980824,0.0,-0.30182504482865563,"[2, 2, 2, 2, 2, 2]",intersection_of_h_ge_1_and_true_drift_psi1_ge_0
hocbf_no_gp,"HOCBF, no GP",s3_coupled,S3:Coupled,0.35,"0,1,2,3,4",5,50,25000,9798,0.39192,0.3979875808512132,0.4318,25000,0,0.0,0,0.0,0.0,6.808201924394816,3.5729862483324983,0.0,-0.45253006931945733,"[2, 2, 2, 2, 2, 2]",intersection_of_h_ge_1_and_true_drift_psi1_ge_0
hocbf_no_gp,"HOCBF, no GP",s4_nonlinear,S4:Nonlinear,0.4,"0,1,2,3,4",5,50,25000,15469,0.61876,0.6247619008832581,0.629,25000,0,0.0,0,0.0,0.0,2.8443435478955506,0.2871912763745067,0.0,-0.791417731089639,"[2, 2, 2, 2, 2, 2]",intersection_of_h_ge_1_and_true_drift_psi1_ge_0
hocbf_no_gp,"HOCBF, no GP",s5_valve,S5:Valve,0.35,"0,1,2,3,4",5,50,25000,2912,0.11648,0.1205156535281939,0.1352,25000,0,0.0,0,0.0,0.0,6.372908609714359,3.196552399866578,0.0,-0.18277690883290987,"[2, 2, 2, 2, 2, 2]",intersection_of_h_ge_1_and_true_drift_psi1_ge_0
hocbf_no_gp,"HOCBF, no GP",s6_fuel,S6:Fuel,0.5,"0,1,2,3,4",5,50,25000,14515,0.5806,0.586704051712866,0.598,25000,0,0.0,0,0.0,0.0,8.974695920106024,1.8284599466349938,0.0,-0.44321588046020877,"[2, 2, 2, 2, 2, 2]",intersection_of_h_ge_1_and_true_drift_psi1_ge_0
nmpc,NMPC reference,nominal,Nominal,0.0,"0,1,2,3,4",5,50,25000,0,0.0,0.00015363474556582426,0.0,25000,0,0.0,0,0.0,0.0,3.74946337679401,2.0422377177627724,0.0,3.525166019356919,"[2, 2, 2, 2, 2, 2]",intersection_of_h_ge_1_and_true_drift_psi1_ge_0
nmpc,NMPC reference,s1_heat,S1:Heat,0.3,"0,1,2,3,4",5,50,25000,0,0.0,0.00015363474556582426,0.0,25000,0,0.0,0,0.0,0.0,16.120182234458625,1.881310235092306,0.0,0.3228675045730611,"[2, 2, 2, 2, 2, 2]",intersection_of_h_ge_1_and_true_drift_psi1_ge_0
nmpc,NMPC reference,s2_pressure,S2:Pressure,0.24,"0,1,2,3,4",5,50,25000,0,0.0,0.00015363474556582426,0.0,25000,0,0.0,0,0.0,0.0,15.901440015789122,1.7398914802840706,0.0,0.479917229000303,"[2, 2, 2, 2, 2, 2]",intersection_of_h_ge_1_and_true_drift_psi1_ge_0
nmpc,NMPC reference,s3_coupled,S3:Coupled,0.35,"0,1,2,3,4",5,50,25000,0,0.0,0.00015363474556582426,0.0,25000,0,0.0,0,0.0,0.0,16.049927312657235,1.8330390516819475,0.0,0.6445301790709557,"[2, 2, 2, 2, 2, 2]",intersection_of_h_ge_1_and_true_drift_psi1_ge_0
nmpc,NMPC reference,s4_nonlinear,S4:Nonlinear,0.4,"0,1,2,3,4",5,50,25000,0,0.0,0.00015363474556582426,0.0,25000,0,0.0,0,0.0,0.0,16.18120664026588,2.0869190677405176,0.0,0.5735647704340918,"[2, 2, 2, 2, 2, 2]",intersection_of_h_ge_1_and_true_drift_psi1_ge_0
nmpc,NMPC reference,s5_valve,S5:Valve,0.35,"0,1,2,3,4",5,50,25000,0,0.0,0.00015363474556582426,0.0,25000,0,0.0,0,0.0,0.0,20.820159130562097,5.468896102578302,0.0,0.5979577236098554,"[2, 2, 2, 2, 2, 2]",intersection_of_h_ge_1_and_true_drift_psi1_ge_0
nmpc,NMPC reference,s6_fuel,S6:Fuel,0.5,"0,1,2,3,4",5,50,25000,0,0.0,0.00015363474556582426,0.0,25000,0,0.0,0,0.0,0.0,20.650340142287313,5.391349317403184,0.0,0.3371485810581595,"[2, 2, 2, 2, 2, 2]",intersection_of_h_ge_1_and_true_drift_psi1_ge_0
rocbf_full,RoCBF-SF full margin,nominal,Nominal,0.0,"0,1,2,3,4",5,50,25000,0,0.0,0.00015363474556582426,0.0,25000,0,0.0,0,0.0,0.0,5.808972001709044,1.1125860580306217,0.0,3.442323625334346,"[2, 2, 2, 2, 2, 2]",intersection_of_h_ge_1_and_true_drift_psi1_ge_0
rocbf_full,RoCBF-SF full margin,s1_heat,S1:Heat,0.3,"0,1,2,3,4",5,50,25000,16002,0.64008,0.6460078036919916,0.6552,25000,24950,0.998,24950,0.998,0.0,21.47089251117781,4.059776827144728,227.60078022186997,-0.45869883976811127,"[2, 2, 2, 2, 2, 2]",intersection_of_h_ge_1_and_true_drift_psi1_ge_0
rocbf_full,RoCBF-SF full margin,s2_pressure,S2:Pressure,0.24,"0,1,2,3,4",5,50,25000,6438,0.25752,0.26297729773880146,0.3102,25000,24950,0.998,24950,0.998,0.0,13.229690576884895,6.9279582166750435,185.9517793865371,-0.30182511763440034,"[2, 2, 2, 2, 2, 2]",intersection_of_h_ge_1_and_true_drift_psi1_ge_0
rocbf_full,RoCBF-SF full margin,s3_coupled,S3:Coupled,0.35,"0,1,2,3,4",5,50,25000,9798,0.39192,0.3979875808512132,0.4318,25000,25000,1.0,25000,1.0,0.0,10.061564776450396,0.3235195779018687,421.915969866978,-0.4525302143294054,"[2, 2, 2, 2, 2, 2]",intersection_of_h_ge_1_and_true_drift_psi1_ge_0
rocbf_full,RoCBF-SF full margin,s4_nonlinear,S4:Nonlinear,0.4,"0,1,2,3,4",5,50,25000,15469,0.61876,0.6247619008832581,0.629,25000,25000,1.0,25000,1.0,0.0,25.057018579598516,3.6620461025788256,316.8307407004971,-0.7914182246592067,"[2, 2, 2, 2, 2, 2]",intersection_of_h_ge_1_and_true_drift_psi1_ge_0
rocbf_full,RoCBF-SF full margin,s5_valve,S5:Valve,0.35,"0,1,2,3,4",5,50,25000,2912,0.11648,0.1205156535281939,0.1352,25000,24950,0.998,24950,0.998,0.0,15.758439090289176,6.36124120297225,144.7575034472342,-0.18277706477721994,"[2, 2, 2, 2, 2, 2]",intersection_of_h_ge_1_and_true_drift_psi1_ge_0
rocbf_full,RoCBF-SF full margin,s6_fuel,S6:Fuel,0.5,"0,1,2,3,4",5,50,25000,14515,0.5806,0.586704051712866,0.598,25000,24950,0.998,24950,0.998,0.0,9.848674643747508,0.4700232463230264,182.64200984522736,-0.4432161167859029,"[2, 2, 2, 2, 2, 2]",intersection_of_h_ge_1_and_true_drift_psi1_ge_0
rocbf_mean,RoCBF-SF mean-only,nominal,Nominal,0.0,"0,1,2,3,4",5,50,25000,0,0.0,0.00015363474556582426,0.0,25000,0,0.0,0,0.0,0.0,5.875669825877995,1.0634046268475417,0.0,3.4423236297015465,"[2, 2, 2, 2, 2, 2]",intersection_of_h_ge_1_and_true_drift_psi1_ge_0
rocbf_mean,RoCBF-SF mean-only,s1_heat,S1:Heat,0.3,"0,1,2,3,4",5,50,25000,0,0.0,0.00015363474556582426,0.0,25000,0,0.0,0,0.0,0.72608,6.213955683894455,1.314020007647812,0.0,1.0750974404061253e-07,"[2, 2, 2, 2, 2, 2]",intersection_of_h_ge_1_and_true_drift_psi1_ge_0
rocbf_mean,RoCBF-SF mean-only,s2_pressure,S2:Pressure,0.24,"0,1,2,3,4",5,50,25000,0,0.0,0.00015363474556582426,0.0,25000,0,0.0,0,0.0,0.31456,4.271301692388952,1.8395678028370999,0.0,3.3364043616757044e-07,"[2, 2, 2, 2, 2, 2]",intersection_of_h_ge_1_and_true_drift_psi1_ge_0
rocbf_mean,RoCBF-SF mean-only,s3_coupled,S3:Coupled,0.35,"0,1,2,3,4",5,50,25000,0,0.0,0.00015363474556582426,0.0,25000,0,0.0,0,0.0,0.41324,3.1881355830840765,0.2739866152465924,0.0,-2.357829592014582e-05,"[2, 2, 2, 2, 2, 2]",intersection_of_h_ge_1_and_true_drift_psi1_ge_0
rocbf_mean,RoCBF-SF mean-only,s4_nonlinear,S4:Nonlinear,0.4,"0,1,2,3,4",5,50,25000,0,0.0,0.00015363474556582426,0.0,25000,0,0.0,0,0.0,0.70036,6.714383495934308,1.2781456001376477,0.0,-0.0003774353807838082,"[2, 2, 2, 2, 2, 2]",intersection_of_h_ge_1_and_true_drift_psi1_ge_0
rocbf_mean,RoCBF-SF mean-only,s5_valve,S5:Valve,0.35,"0,1,2,3,4",5,50,25000,0,0.0,0.00015363474556582426,0.0,25000,0,0.0,0,0.0,0.11372,5.77642121117562,1.7826585420256302,0.0,7.250599457719886e-07,"[2, 2, 2, 2, 2, 2]",intersection_of_h_ge_1_and_true_drift_psi1_ge_0
rocbf_mean,RoCBF-SF mean-only,s6_fuel,S6:Fuel,0.5,"0,1,2,3,4",5,50,25000,0,0.0,0.00015363474556582426,0.0,25000,0,0.0,0,0.0,0.66704,3.226602646894753,0.3089308990521356,0.0,1.5471402310396342e-07,"[2, 2, 2, 2, 2, 2]",intersection_of_h_ge_1_and_true_drift_psi1_ge_0
